{"cameraMode":{"drawMode":0,"name":"Shaded","section":"Shading Mode"},"sceneLighting":false,"audioPlay":false,"sceneViewState":{"showFog":true,"showMaterialUpdate":false,"showSkybox":true,"showFlares":true,"showImageEffects":true,"showParticleSystems":true},"in2DMode":false,"pivot":{"x":0.00526505708694458,"y":0.593853235244751,"z":-0.2110210657119751},"rotation":{"x":0.006646449211984873,"y":0.9563203454017639,"z":-0.021817989647388459,"w":0.29142969846725466},"size":3.6490020751953127,"orthographic":false}