{"cameraMode":{"drawMode":0,"name":"Shaded","section":"Shading Mode"},"sceneLighting":false,"audioPlay":false,"sceneViewState":{"showFog":true,"showMaterialUpdate":false,"showSkybox":true,"showFlares":true,"showImageEffects":true,"showParticleSystems":true},"in2DMode":false,"pivot":{"x":0.00526505708694458,"y":0.593853235244751,"z":-0.2110210657119751},"rotation":{"x":-0.03549196571111679,"y":0.9592505693435669,"z":-0.24269995093345643,"w":-0.14026948809623719},"size":5.749002933502197,"orthographic":false}