{"cameraMode":{"drawMode":0,"name":"Shaded","section":"Shading Mode"},"sceneLighting":false,"audioPlay":false,"sceneViewState":{"showFog":true,"showMaterialUpdate":false,"showSkybox":true,"showFlares":true,"showImageEffects":true,"showParticleSystems":true},"in2DMode":false,"pivot":{"x":0.01053011417388916,"y":1.187706470489502,"z":-0.4220421314239502},"rotation":{"x":-0.10325536131858826,"y":0.8696987628936768,"z":-0.43665745854377749,"w":-0.20565201342105866},"size":7.298004150390625,"orthographic":false}