{"cameraMode":{"drawMode":0,"name":"Shaded","section":"Shading Mode"},"sceneLighting":false,"audioPlay":false,"sceneViewState":{"showFog":true,"showMaterialUpdate":false,"showSkybox":true,"showFlares":true,"showImageEffects":true,"showParticleSystems":true},"in2DMode":false,"pivot":{"x":5.960464477539063e-8,"y":0.809999942779541,"z":1.8096699714660645},"rotation":{"x":0.12957555055618287,"y":0.5990423560142517,"z":-0.09901884943246842,"w":0.7839348316192627},"size":22.0,"orthographic":false}